id;name;price
ORD-001;Ноутбук Lenovo ThinkPad;35000.50
ORD-002;Мишка бездротова Logitech;1200.00
ORD-003;Клавіатура механічна Keychron;3500.00
ORD-004;Монітор Dell 27;12500.75
ORD-005;Кабель HDMI 2m;250.00
ORD-006;Навушники Sony;8999.99
ORD-007;Килимок для миші;350.00
ORD-008;Флеш-накопичувач 64GB;450.00
ORD-009;SSD диск Samsung 1TB;3200.00
ORD-010;Маршрутизатор TP-Link;1500.00
ORD-011;Підставка для ноутбука
ORD-012;Веб-камера Logitech;дорого
ORD-013;;450.00
ORD-014;Бракований товар;-150.50
ORD-015;Поганий товар;